Components,output_path
D:\New_task\cloned_repo\GIT_CLONE\new_sdd_tool_chain\sw.sys.chorus_main_doxygen_reports\mc_sw\appl\BAP\BAPHandler_Doorlocking\Evo\doc\Doxygen\xml,D:\New_task\cloned_repo\GIT_CLONE\new_sdd_tool_chain\sw.sys.chorus_main_doxygen_reports\output\mc_sw\appl\BAP\BAPHandler_Doorlocking\Evo\
D:\New_task\cloned_repo\GIT_CLONE\new_sdd_tool_chain\sw.sys.chorus_main_doxygen_reports\mc_sw\appl\BAP\BAPHandler_EL\Evo\doc\Doxygen\xml,D:\New_task\cloned_repo\GIT_CLONE\new_sdd_tool_chain\sw.sys.chorus_main_doxygen_reports\output\mc_sw\appl\BAP\BAPHandler_EL\Evo\
D:\New_task\cloned_repo\GIT_CLONE\new_sdd_tool_chain\sw.sys.chorus_main_doxygen_reports\mc_sw\appl\BAP\BAPHandler_IL2\c\doc\Doxygen\xml,D:\New_task\cloned_repo\GIT_CLONE\new_sdd_tool_chain\sw.sys.chorus_main_doxygen_reports\output\mc_sw\appl\BAP\BAPHandler_IL2\c\
D:\New_task\cloned_repo\GIT_CLONE\new_sdd_tool_chain\sw.sys.chorus_main_doxygen_reports\mc_sw\appl\BAP\BAPHandler_IL2\Evo\doc\Doxygen\xml,D:\New_task\cloned_repo\GIT_CLONE\new_sdd_tool_chain\sw.sys.chorus_main_doxygen_reports\output\mc_sw\appl\BAP\BAPHandler_IL2\Evo\
D:\New_task\cloned_repo\GIT_CLONE\new_sdd_tool_chain\sw.sys.chorus_main_doxygen_reports\mc_sw\appl\BAP\BAPHandler_Mirror\Evo\doc\Doxygen\xml,D:\New_task\cloned_repo\GIT_CLONE\new_sdd_tool_chain\sw.sys.chorus_main_doxygen_reports\output\mc_sw\appl\BAP\BAPHandler_Mirror\Evo\
D:\New_task\cloned_repo\GIT_CLONE\new_sdd_tool_chain\sw.sys.chorus_main_doxygen_reports\mc_sw\appl\BAP\base\1\doc\Doxygen\xml,D:\New_task\cloned_repo\GIT_CLONE\new_sdd_tool_chain\sw.sys.chorus_main_doxygen_reports\output\mc_sw\appl\BAP\base\1\
D:\New_task\cloned_repo\GIT_CLONE\new_sdd_tool_chain\sw.sys.chorus_main_doxygen_reports\mc_sw\appl\BAP\base\c\doc\Doxygen\xml,D:\New_task\cloned_repo\GIT_CLONE\new_sdd_tool_chain\sw.sys.chorus_main_doxygen_reports\output\mc_sw\appl\BAP\base\c\
D:\New_task\cloned_repo\GIT_CLONE\new_sdd_tool_chain\sw.sys.chorus_main_doxygen_reports\mc_sw\appl\ComServer\ComServ\Evo\doc\Doxygen\xml,D:\New_task\cloned_repo\GIT_CLONE\new_sdd_tool_chain\sw.sys.chorus_main_doxygen_reports\output\mc_sw\appl\ComServer\ComServ\Evo\
D:\New_task\cloned_repo\GIT_CLONE\new_sdd_tool_chain\sw.sys.chorus_main_doxygen_reports\mc_sw\appl\ComServer\RemoteSignalRouter\Evo\doc\Doxygen\xml,D:\New_task\cloned_repo\GIT_CLONE\new_sdd_tool_chain\sw.sys.chorus_main_doxygen_reports\output\mc_sw\appl\ComServer\RemoteSignalRouter\Evo\
D:\New_task\cloned_repo\GIT_CLONE\new_sdd_tool_chain\sw.sys.chorus_main_doxygen_reports\mc_sw\appl\Distance\DistanceEvo\Evo\doc\Doxygen\xml,D:\New_task\cloned_repo\GIT_CLONE\new_sdd_tool_chain\sw.sys.chorus_main_doxygen_reports\output\mc_sw\appl\Distance\DistanceEvo\Evo\
D:\New_task\cloned_repo\GIT_CLONE\new_sdd_tool_chain\sw.sys.chorus_main_doxygen_reports\mc_sw\appl\DWASensorSirene\DWAX\c\doc\Doxygen\xml,D:\New_task\cloned_repo\GIT_CLONE\new_sdd_tool_chain\sw.sys.chorus_main_doxygen_reports\output\mc_sw\appl\DWASensorSirene\DWAX\c\
D:\New_task\cloned_repo\GIT_CLONE\new_sdd_tool_chain\sw.sys.chorus_main_doxygen_reports\mc_sw\appl\DWASensorSirene\DWAX\Evo\doc\Doxygen\xml,D:\New_task\cloned_repo\GIT_CLONE\new_sdd_tool_chain\sw.sys.chorus_main_doxygen_reports\output\mc_sw\appl\DWASensorSirene\DWAX\Evo\
D:\New_task\cloned_repo\GIT_CLONE\new_sdd_tool_chain\sw.sys.chorus_main_doxygen_reports\mc_sw\appl\DWASensorSirene\DWAX_Diagnosis\c\doc\Doxygen\xml,D:\New_task\cloned_repo\GIT_CLONE\new_sdd_tool_chain\sw.sys.chorus_main_doxygen_reports\output\mc_sw\appl\DWASensorSirene\DWAX_Diagnosis\c\
D:\New_task\cloned_repo\GIT_CLONE\new_sdd_tool_chain\sw.sys.chorus_main_doxygen_reports\mc_sw\appl\fdbName\sample\c\doc\Doxygen\xml,D:\New_task\cloned_repo\GIT_CLONE\new_sdd_tool_chain\sw.sys.chorus_main_doxygen_reports\output\mc_sw\appl\fdbName\sample\c\
D:\New_task\cloned_repo\GIT_CLONE\new_sdd_tool_chain\sw.sys.chorus_main_doxygen_reports\mc_sw\appl\fdbName\sample\Evo\doc\Doxygen\xml,D:\New_task\cloned_repo\GIT_CLONE\new_sdd_tool_chain\sw.sys.chorus_main_doxygen_reports\output\mc_sw\appl\fdbName\sample\Evo\
D:\New_task\cloned_repo\GIT_CLONE\new_sdd_tool_chain\sw.sys.chorus_main_doxygen_reports\mc_sw\appl\MDK\MDKC2X\EvoF\doc\Doxygen\xml,D:\New_task\cloned_repo\GIT_CLONE\new_sdd_tool_chain\sw.sys.chorus_main_doxygen_reports\output\mc_sw\appl\MDK\MDKC2X\EvoF\
D:\New_task\cloned_repo\GIT_CLONE\new_sdd_tool_chain\sw.sys.chorus_main_doxygen_reports\mc_sw\appl\MDKC2X\MDKC2X\EvoF\doc\Doxygen\xml,D:\New_task\cloned_repo\GIT_CLONE\new_sdd_tool_chain\sw.sys.chorus_main_doxygen_reports\output\mc_sw\appl\MDKC2X\MDKC2X\EvoF\
D:\New_task\cloned_repo\GIT_CLONE\new_sdd_tool_chain\sw.sys.chorus_main_doxygen_reports\mc_sw\appl\ORU_SafetyGuard\ORU_Data\EvoF\doc\Doxygen\xml,D:\New_task\cloned_repo\GIT_CLONE\new_sdd_tool_chain\sw.sys.chorus_main_doxygen_reports\output\mc_sw\appl\ORU_SafetyGuard\ORU_Data\EvoF\
D:\New_task\cloned_repo\GIT_CLONE\new_sdd_tool_chain\sw.sys.chorus_main_doxygen_reports\mc_sw\appl\ORU_SafetyGuard\ORU_SafetyGuard_ASIL\EvoF\doc\Doxygen\xml,D:\New_task\cloned_repo\GIT_CLONE\new_sdd_tool_chain\sw.sys.chorus_main_doxygen_reports\output\mc_sw\appl\ORU_SafetyGuard\ORU_SafetyGuard_ASIL\EvoF\
D:\New_task\cloned_repo\GIT_CLONE\new_sdd_tool_chain\sw.sys.chorus_main_doxygen_reports\mc_sw\appl\ORU_SafetyGuard\ORU_SafetyGuard_QM\EvoF\doc\Doxygen\xml,D:\New_task\cloned_repo\GIT_CLONE\new_sdd_tool_chain\sw.sys.chorus_main_doxygen_reports\output\mc_sw\appl\ORU_SafetyGuard\ORU_SafetyGuard_QM\EvoF\
D:\New_task\cloned_repo\GIT_CLONE\new_sdd_tool_chain\sw.sys.chorus_main_doxygen_reports\mc_sw\appl\RWB\RWB\1\doc\Doxygen\xml,D:\New_task\cloned_repo\GIT_CLONE\new_sdd_tool_chain\sw.sys.chorus_main_doxygen_reports\output\mc_sw\appl\RWB\RWB\1\
D:\New_task\cloned_repo\GIT_CLONE\new_sdd_tool_chain\sw.sys.chorus_main_doxygen_reports\mc_sw\appl\USS\USS\EvoF\doc\Doxygen\xml,D:\New_task\cloned_repo\GIT_CLONE\new_sdd_tool_chain\sw.sys.chorus_main_doxygen_reports\output\mc_sw\appl\USS\USS\EvoF\
D:\New_task\cloned_repo\GIT_CLONE\new_sdd_tool_chain\sw.sys.chorus_main_doxygen_reports\mc_sw\appl\VLK\VLK\EvoF\doc\Doxygen\xml,D:\New_task\cloned_repo\GIT_CLONE\new_sdd_tool_chain\sw.sys.chorus_main_doxygen_reports\output\mc_sw\appl\VLK\VLK\EvoF\
D:\New_task\cloned_repo\GIT_CLONE\new_sdd_tool_chain\sw.sys.chorus_main_doxygen_reports\mc_sw\appl\WFS\WFS\Evo\doc\Doxygen\xml,D:\New_task\cloned_repo\GIT_CLONE\new_sdd_tool_chain\sw.sys.chorus_main_doxygen_reports\output\mc_sw\appl\WFS\WFS\Evo\
D:\New_task\cloned_repo\GIT_CLONE\new_sdd_tool_chain\sw.sys.chorus_main_doxygen_reports\mc_sw\appl\WFS\WFS\EvoF\doc\Doxygen\xml,D:\New_task\cloned_repo\GIT_CLONE\new_sdd_tool_chain\sw.sys.chorus_main_doxygen_reports\output\mc_sw\appl\WFS\WFS\EvoF\
D:\New_task\cloned_repo\GIT_CLONE\new_sdd_tool_chain\sw.sys.chorus_main_doxygen_reports\mc_sw\appl\ZV_Crypto\CsH\Evo\doc\Doxygen\xml,D:\New_task\cloned_repo\GIT_CLONE\new_sdd_tool_chain\sw.sys.chorus_main_doxygen_reports\output\mc_sw\appl\ZV_Crypto\CsH\Evo\
D:\New_task\cloned_repo\GIT_CLONE\new_sdd_tool_chain\sw.sys.chorus_main_doxygen_reports\mc_sw\appl\ZV_Crypto\FDH\Evo\doc\Doxygen\xml,D:\New_task\cloned_repo\GIT_CLONE\new_sdd_tool_chain\sw.sys.chorus_main_doxygen_reports\output\mc_sw\appl\ZV_Crypto\FDH\Evo\
D:\New_task\cloned_repo\GIT_CLONE\new_sdd_tool_chain\sw.sys.chorus_main_doxygen_reports\mc_sw\appl\ZV_Crypto\UHF\Evo\doc\Doxygen\xml,D:\New_task\cloned_repo\GIT_CLONE\new_sdd_tool_chain\sw.sys.chorus_main_doxygen_reports\output\mc_sw\appl\ZV_Crypto\UHF\Evo\
D:\New_task\cloned_repo\GIT_CLONE\new_sdd_tool_chain\sw.sys.chorus_main_doxygen_reports\mc_sw\appl\ZV_Lib\CPD\Evo\doc\Doxygen\xml,D:\New_task\cloned_repo\GIT_CLONE\new_sdd_tool_chain\sw.sys.chorus_main_doxygen_reports\output\mc_sw\appl\ZV_Lib\CPD\Evo\
D:\New_task\cloned_repo\GIT_CLONE\new_sdd_tool_chain\sw.sys.chorus_main_doxygen_reports\mc_sw\appl\ZV_Lib\DWA\Evo\doc\Doxygen\xml,D:\New_task\cloned_repo\GIT_CLONE\new_sdd_tool_chain\sw.sys.chorus_main_doxygen_reports\output\mc_sw\appl\ZV_Lib\DWA\Evo\
D:\New_task\cloned_repo\GIT_CLONE\new_sdd_tool_chain\sw.sys.chorus_main_doxygen_reports\mc_sw\appl\ZV_Lib\KFT\c\doc\Doxygen\xml,D:\New_task\cloned_repo\GIT_CLONE\new_sdd_tool_chain\sw.sys.chorus_main_doxygen_reports\output\mc_sw\appl\ZV_Lib\KFT\c\
D:\New_task\cloned_repo\GIT_CLONE\new_sdd_tool_chain\sw.sys.chorus_main_doxygen_reports\mc_sw\appl\ZV_Lib\KFT\Evo\doc\Doxygen\xml,D:\New_task\cloned_repo\GIT_CLONE\new_sdd_tool_chain\sw.sys.chorus_main_doxygen_reports\output\mc_sw\appl\ZV_Lib\KFT\Evo\
D:\New_task\cloned_repo\GIT_CLONE\new_sdd_tool_chain\sw.sys.chorus_main_doxygen_reports\mc_sw\appl\ZV_Lib\KFTX\c\doc\Doxygen\xml,D:\New_task\cloned_repo\GIT_CLONE\new_sdd_tool_chain\sw.sys.chorus_main_doxygen_reports\output\mc_sw\appl\ZV_Lib\KFTX\c\
D:\New_task\cloned_repo\GIT_CLONE\new_sdd_tool_chain\sw.sys.chorus_main_doxygen_reports\mc_sw\appl\ZV_Lib\KFTX\Evo\doc\Doxygen\xml,D:\New_task\cloned_repo\GIT_CLONE\new_sdd_tool_chain\sw.sys.chorus_main_doxygen_reports\output\mc_sw\appl\ZV_Lib\KFTX\Evo\
D:\New_task\cloned_repo\GIT_CLONE\new_sdd_tool_chain\sw.sys.chorus_main_doxygen_reports\mc_sw\appl\ZV_Lib\QTG\Evo\doc\Doxygen\xml,D:\New_task\cloned_repo\GIT_CLONE\new_sdd_tool_chain\sw.sys.chorus_main_doxygen_reports\output\mc_sw\appl\ZV_Lib\QTG\Evo\
D:\New_task\cloned_repo\GIT_CLONE\new_sdd_tool_chain\sw.sys.chorus_main_doxygen_reports\mc_sw\appl\ZV_Lib\ZKMEBINT\Evo\doc\Doxygen\xml,D:\New_task\cloned_repo\GIT_CLONE\new_sdd_tool_chain\sw.sys.chorus_main_doxygen_reports\output\mc_sw\appl\ZV_Lib\ZKMEBINT\Evo\
D:\New_task\cloned_repo\GIT_CLONE\new_sdd_tool_chain\sw.sys.chorus_main_doxygen_reports\mc_sw\appl\ZV_Lib\ZV\c\doc\Doxygen\xml,D:\New_task\cloned_repo\GIT_CLONE\new_sdd_tool_chain\sw.sys.chorus_main_doxygen_reports\output\mc_sw\appl\ZV_Lib\ZV\c\
D:\New_task\cloned_repo\GIT_CLONE\new_sdd_tool_chain\sw.sys.chorus_main_doxygen_reports\mc_sw\appl\ZV_Lib\ZV\Evo\doc\Doxygen\xml,D:\New_task\cloned_repo\GIT_CLONE\new_sdd_tool_chain\sw.sys.chorus_main_doxygen_reports\output\mc_sw\appl\ZV_Lib\ZV\Evo\
D:\New_task\cloned_repo\GIT_CLONE\new_sdd_tool_chain\sw.sys.chorus_main_doxygen_reports\mc_sw\appl\ZV_Lib\ZVAD\Evo\doc\Doxygen\xml,D:\New_task\cloned_repo\GIT_CLONE\new_sdd_tool_chain\sw.sys.chorus_main_doxygen_reports\output\mc_sw\appl\ZV_Lib\ZVAD\Evo\
D:\New_task\cloned_repo\GIT_CLONE\new_sdd_tool_chain\sw.sys.chorus_main_doxygen_reports\mc_sw\appl\ZV_Lib\ZV_Lib_Diagnosis\c\doc\Doxygen\xml,D:\New_task\cloned_repo\GIT_CLONE\new_sdd_tool_chain\sw.sys.chorus_main_doxygen_reports\output\mc_sw\appl\ZV_Lib\ZV_Lib_Diagnosis\c\
D:\New_task\cloned_repo\GIT_CLONE\new_sdd_tool_chain\sw.sys.chorus_main_doxygen_reports\mc_sw\appl\ZV_Lib\ZV_Lib_Diagnosis\Evo\doc\Doxygen\xml,D:\New_task\cloned_repo\GIT_CLONE\new_sdd_tool_chain\sw.sys.chorus_main_doxygen_reports\output\mc_sw\appl\ZV_Lib\ZV_Lib_Diagnosis\Evo\
D:\New_task\cloned_repo\GIT_CLONE\new_sdd_tool_chain\sw.sys.chorus_main_doxygen_reports\mc_sw\appl\ZV_Light\ZVLight\Evo\doc\Doxygen\xml,D:\New_task\cloned_repo\GIT_CLONE\new_sdd_tool_chain\sw.sys.chorus_main_doxygen_reports\output\mc_sw\appl\ZV_Light\ZVLight\Evo\
D:\New_task\cloned_repo\GIT_CLONE\new_sdd_tool_chain\sw.sys.chorus_main_doxygen_reports\mc_sw\appl\ZV_Light\ZVLight_Diagnosis\Evo\doc\Doxygen\xml,D:\New_task\cloned_repo\GIT_CLONE\new_sdd_tool_chain\sw.sys.chorus_main_doxygen_reports\output\mc_sw\appl\ZV_Light\ZVLight_Diagnosis\Evo\
D:\New_task\cloned_repo\GIT_CLONE\new_sdd_tool_chain\sw.sys.chorus_main_doxygen_reports\mc_sw\b_ar_asw\ZenturHSM\c\doc\Doxygen\xml,D:\New_task\cloned_repo\GIT_CLONE\new_sdd_tool_chain\sw.sys.chorus_main_doxygen_reports\output\mc_sw\b_ar_asw\ZenturHSM\c\
D:\New_task\cloned_repo\GIT_CLONE\new_sdd_tool_chain\sw.sys.chorus_main_doxygen_reports\mc_sw\b_ar_asw\ZenturHSM\Evo\doc\Doxygen\xml,D:\New_task\cloned_repo\GIT_CLONE\new_sdd_tool_chain\sw.sys.chorus_main_doxygen_reports\output\mc_sw\b_ar_asw\ZenturHSM\Evo\
D:\New_task\cloned_repo\GIT_CLONE\new_sdd_tool_chain\sw.sys.chorus_main_doxygen_reports\mc_sw\cdd\ArComStack_Adaptation\CanIf_GwAdapter\1\doc\Doxygen\xml,D:\New_task\cloned_repo\GIT_CLONE\new_sdd_tool_chain\sw.sys.chorus_main_doxygen_reports\output\mc_sw\cdd\ArComStack_Adaptation\CanIf_GwAdapter\1\
D:\New_task\cloned_repo\GIT_CLONE\new_sdd_tool_chain\sw.sys.chorus_main_doxygen_reports\mc_sw\cdd\BAP_Stack\BAP_Stack\Evo\doc\Doxygen\xml,D:\New_task\cloned_repo\GIT_CLONE\new_sdd_tool_chain\sw.sys.chorus_main_doxygen_reports\output\mc_sw\cdd\BAP_Stack\BAP_Stack\Evo\
D:\New_task\cloned_repo\GIT_CLONE\new_sdd_tool_chain\sw.sys.chorus_main_doxygen_reports\mc_sw\cdd\Chorus_HSI\HAL\c\doc\Doxygen\xml,D:\New_task\cloned_repo\GIT_CLONE\new_sdd_tool_chain\sw.sys.chorus_main_doxygen_reports\output\mc_sw\cdd\Chorus_HSI\HAL\c\
D:\New_task\cloned_repo\GIT_CLONE\new_sdd_tool_chain\sw.sys.chorus_main_doxygen_reports\mc_sw\cdd\Chorus_HSI\HardwareVersion\c\doc\Doxygen\xml,D:\New_task\cloned_repo\GIT_CLONE\new_sdd_tool_chain\sw.sys.chorus_main_doxygen_reports\output\mc_sw\cdd\Chorus_HSI\HardwareVersion\c\
D:\New_task\cloned_repo\GIT_CLONE\new_sdd_tool_chain\sw.sys.chorus_main_doxygen_reports\mc_sw\cdd\Chorus_HSI\HardwareVersion\Evo\doc\Doxygen\xml,D:\New_task\cloned_repo\GIT_CLONE\new_sdd_tool_chain\sw.sys.chorus_main_doxygen_reports\output\mc_sw\cdd\Chorus_HSI\HardwareVersion\Evo\
D:\New_task\cloned_repo\GIT_CLONE\new_sdd_tool_chain\sw.sys.chorus_main_doxygen_reports\mc_sw\cdd\CRC_Manager_Marvell\CRC32_Mng_CrcEth\Evo\doc\Doxygen\xml,D:\New_task\cloned_repo\GIT_CLONE\new_sdd_tool_chain\sw.sys.chorus_main_doxygen_reports\output\mc_sw\cdd\CRC_Manager_Marvell\CRC32_Mng_CrcEth\Evo\
D:\New_task\cloned_repo\GIT_CLONE\new_sdd_tool_chain\sw.sys.chorus_main_doxygen_reports\mc_sw\cdd\Diag_Chorus_RL78\SysWDDiagnosis\Evo\doc\Doxygen\xml,D:\New_task\cloned_repo\GIT_CLONE\new_sdd_tool_chain\sw.sys.chorus_main_doxygen_reports\output\mc_sw\cdd\Diag_Chorus_RL78\SysWDDiagnosis\Evo\
D:\New_task\cloned_repo\GIT_CLONE\new_sdd_tool_chain\sw.sys.chorus_main_doxygen_reports\mc_sw\cdd\ECU_DIAG_Chorus\Adaptations\Evo\doc\Doxygen\xml,D:\New_task\cloned_repo\GIT_CLONE\new_sdd_tool_chain\sw.sys.chorus_main_doxygen_reports\output\mc_sw\cdd\ECU_DIAG_Chorus\Adaptations\Evo\
D:\New_task\cloned_repo\GIT_CLONE\new_sdd_tool_chain\sw.sys.chorus_main_doxygen_reports\mc_sw\cdd\ECU_DIAG_Chorus\BUILTINLIST\c\doc\Doxygen\xml,D:\New_task\cloned_repo\GIT_CLONE\new_sdd_tool_chain\sw.sys.chorus_main_doxygen_reports\output\mc_sw\cdd\ECU_DIAG_Chorus\BUILTINLIST\c\
D:\New_task\cloned_repo\GIT_CLONE\new_sdd_tool_chain\sw.sys.chorus_main_doxygen_reports\mc_sw\cdd\ECU_DIAG_Chorus\BUILTINLIST\Evo\doc\Doxygen\xml,D:\New_task\cloned_repo\GIT_CLONE\new_sdd_tool_chain\sw.sys.chorus_main_doxygen_reports\output\mc_sw\cdd\ECU_DIAG_Chorus\BUILTINLIST\Evo\
D:\New_task\cloned_repo\GIT_CLONE\new_sdd_tool_chain\sw.sys.chorus_main_doxygen_reports\mc_sw\cdd\ECU_DIAG_Chorus\ERRHDL_MQB\c\doc\Doxygen\xml,D:\New_task\cloned_repo\GIT_CLONE\new_sdd_tool_chain\sw.sys.chorus_main_doxygen_reports\output\mc_sw\cdd\ECU_DIAG_Chorus\ERRHDL_MQB\c\
D:\New_task\cloned_repo\GIT_CLONE\new_sdd_tool_chain\sw.sys.chorus_main_doxygen_reports\mc_sw\cdd\ECU_DIAG_Chorus\ERRHDL_MQB\Evo\doc\Doxygen\xml,D:\New_task\cloned_repo\GIT_CLONE\new_sdd_tool_chain\sw.sys.chorus_main_doxygen_reports\output\mc_sw\cdd\ECU_DIAG_Chorus\ERRHDL_MQB\Evo\
D:\New_task\cloned_repo\GIT_CLONE\new_sdd_tool_chain\sw.sys.chorus_main_doxygen_reports\mc_sw\cdd\ECU_DIAG_Chorus\ERRHDL_MQB\EvoF\doc\Doxygen\xml,D:\New_task\cloned_repo\GIT_CLONE\new_sdd_tool_chain\sw.sys.chorus_main_doxygen_reports\output\mc_sw\cdd\ECU_DIAG_Chorus\ERRHDL_MQB\EvoF\
D:\New_task\cloned_repo\GIT_CLONE\new_sdd_tool_chain\sw.sys.chorus_main_doxygen_reports\mc_sw\cdd\ECU_DIAG_Chorus\Identification\Evo\doc\Doxygen\xml,D:\New_task\cloned_repo\GIT_CLONE\new_sdd_tool_chain\sw.sys.chorus_main_doxygen_reports\output\mc_sw\cdd\ECU_DIAG_Chorus\Identification\Evo\
D:\New_task\cloned_repo\GIT_CLONE\new_sdd_tool_chain\sw.sys.chorus_main_doxygen_reports\mc_sw\cdd\ECU_DIAG_Chorus\KRM\c\doc\Doxygen\xml,D:\New_task\cloned_repo\GIT_CLONE\new_sdd_tool_chain\sw.sys.chorus_main_doxygen_reports\output\mc_sw\cdd\ECU_DIAG_Chorus\KRM\c\
D:\New_task\cloned_repo\GIT_CLONE\new_sdd_tool_chain\sw.sys.chorus_main_doxygen_reports\mc_sw\cdd\ECU_DIAG_Chorus\KRM\Evo\doc\Doxygen\xml,D:\New_task\cloned_repo\GIT_CLONE\new_sdd_tool_chain\sw.sys.chorus_main_doxygen_reports\output\mc_sw\cdd\ECU_DIAG_Chorus\KRM\Evo\
D:\New_task\cloned_repo\GIT_CLONE\new_sdd_tool_chain\sw.sys.chorus_main_doxygen_reports\mc_sw\cdd\ECU_DIAG_Chorus\MeasureValues\c\doc\Doxygen\xml,D:\New_task\cloned_repo\GIT_CLONE\new_sdd_tool_chain\sw.sys.chorus_main_doxygen_reports\output\mc_sw\cdd\ECU_DIAG_Chorus\MeasureValues\c\
D:\New_task\cloned_repo\GIT_CLONE\new_sdd_tool_chain\sw.sys.chorus_main_doxygen_reports\mc_sw\cdd\ECU_DIAG_Chorus\MeasureValues\Evo\doc\Doxygen\xml,D:\New_task\cloned_repo\GIT_CLONE\new_sdd_tool_chain\sw.sys.chorus_main_doxygen_reports\output\mc_sw\cdd\ECU_DIAG_Chorus\MeasureValues\Evo\
D:\New_task\cloned_repo\GIT_CLONE\new_sdd_tool_chain\sw.sys.chorus_main_doxygen_reports\mc_sw\cdd\ECU_DIAG_Chorus\NetworkDiagnosisFlag\c\doc\Doxygen\xml,D:\New_task\cloned_repo\GIT_CLONE\new_sdd_tool_chain\sw.sys.chorus_main_doxygen_reports\output\mc_sw\cdd\ECU_DIAG_Chorus\NetworkDiagnosisFlag\c\
D:\New_task\cloned_repo\GIT_CLONE\new_sdd_tool_chain\sw.sys.chorus_main_doxygen_reports\mc_sw\cdd\ECU_DIAG_Chorus\NetworkDiagnosisFlag\Evo\doc\Doxygen\xml,D:\New_task\cloned_repo\GIT_CLONE\new_sdd_tool_chain\sw.sys.chorus_main_doxygen_reports\output\mc_sw\cdd\ECU_DIAG_Chorus\NetworkDiagnosisFlag\Evo\
D:\New_task\cloned_repo\GIT_CLONE\new_sdd_tool_chain\sw.sys.chorus_main_doxygen_reports\mc_sw\cdd\ECU_DIAG_Chorus\RoutineControl\c\doc\Doxygen\xml,D:\New_task\cloned_repo\GIT_CLONE\new_sdd_tool_chain\sw.sys.chorus_main_doxygen_reports\output\mc_sw\cdd\ECU_DIAG_Chorus\RoutineControl\c\
D:\New_task\cloned_repo\GIT_CLONE\new_sdd_tool_chain\sw.sys.chorus_main_doxygen_reports\mc_sw\cdd\ECU_DIAG_Chorus\RoutineControl\Evo\doc\Doxygen\xml,D:\New_task\cloned_repo\GIT_CLONE\new_sdd_tool_chain\sw.sys.chorus_main_doxygen_reports\output\mc_sw\cdd\ECU_DIAG_Chorus\RoutineControl\Evo\
D:\New_task\cloned_repo\GIT_CLONE\new_sdd_tool_chain\sw.sys.chorus_main_doxygen_reports\mc_sw\cdd\Ethernet\DoIp\c\doc\Doxygen\xml,D:\New_task\cloned_repo\GIT_CLONE\new_sdd_tool_chain\sw.sys.chorus_main_doxygen_reports\output\mc_sw\cdd\Ethernet\DoIp\c\
D:\New_task\cloned_repo\GIT_CLONE\new_sdd_tool_chain\sw.sys.chorus_main_doxygen_reports\mc_sw\cdd\Ethernet\DoIp\Evo\doc\Doxygen\xml,D:\New_task\cloned_repo\GIT_CLONE\new_sdd_tool_chain\sw.sys.chorus_main_doxygen_reports\output\mc_sw\cdd\Ethernet\DoIp\Evo\
D:\New_task\cloned_repo\GIT_CLONE\new_sdd_tool_chain\sw.sys.chorus_main_doxygen_reports\mc_sw\cdd\Ethernet\SoMgr\c\doc\Doxygen\xml,D:\New_task\cloned_repo\GIT_CLONE\new_sdd_tool_chain\sw.sys.chorus_main_doxygen_reports\output\mc_sw\cdd\Ethernet\SoMgr\c\
D:\New_task\cloned_repo\GIT_CLONE\new_sdd_tool_chain\sw.sys.chorus_main_doxygen_reports\mc_sw\cdd\Ethernet\SoMgr\Evo\doc\Doxygen\xml,D:\New_task\cloned_repo\GIT_CLONE\new_sdd_tool_chain\sw.sys.chorus_main_doxygen_reports\output\mc_sw\cdd\Ethernet\SoMgr\Evo\
D:\New_task\cloned_repo\GIT_CLONE\new_sdd_tool_chain\sw.sys.chorus_main_doxygen_reports\mc_sw\cdd\IVD\Evo\CRC32_Mng_CrcHsm\Evo\doc\Doxygen\xml,D:\New_task\cloned_repo\GIT_CLONE\new_sdd_tool_chain\sw.sys.chorus_main_doxygen_reports\output\mc_sw\cdd\IVD\Evo\CRC32_Mng_CrcHsm\Evo\
D:\New_task\cloned_repo\GIT_CLONE\new_sdd_tool_chain\sw.sys.chorus_main_doxygen_reports\mc_sw\cdd\KDBit_MQB\KDBit_MQB\c\doc\Doxygen\xml,D:\New_task\cloned_repo\GIT_CLONE\new_sdd_tool_chain\sw.sys.chorus_main_doxygen_reports\output\mc_sw\cdd\KDBit_MQB\KDBit_MQB\c\
D:\New_task\cloned_repo\GIT_CLONE\new_sdd_tool_chain\sw.sys.chorus_main_doxygen_reports\mc_sw\cdd\KDBit_MQB\KDBit_MQB\Evo\doc\Doxygen\xml,D:\New_task\cloned_repo\GIT_CLONE\new_sdd_tool_chain\sw.sys.chorus_main_doxygen_reports\output\mc_sw\cdd\KDBit_MQB\KDBit_MQB\Evo\
D:\New_task\cloned_repo\GIT_CLONE\new_sdd_tool_chain\sw.sys.chorus_main_doxygen_reports\mc_sw\cdd\LIN_Com\LIN_Integration\Evo\doc\Doxygen\xml,D:\New_task\cloned_repo\GIT_CLONE\new_sdd_tool_chain\sw.sys.chorus_main_doxygen_reports\output\mc_sw\cdd\LIN_Com\LIN_Integration\Evo\
D:\New_task\cloned_repo\GIT_CLONE\new_sdd_tool_chain\sw.sys.chorus_main_doxygen_reports\mc_sw\cdd\SomeIP\SomeIP\Evo\doc\Doxygen\xml,D:\New_task\cloned_repo\GIT_CLONE\new_sdd_tool_chain\sw.sys.chorus_main_doxygen_reports\output\mc_sw\cdd\SomeIP\SomeIP\Evo\
D:\New_task\cloned_repo\GIT_CLONE\new_sdd_tool_chain\sw.sys.chorus_main_doxygen_reports\mc_sw\cdd\UdsTask\UdsTask\Evo\doc\Doxygen\xml,D:\New_task\cloned_repo\GIT_CLONE\new_sdd_tool_chain\sw.sys.chorus_main_doxygen_reports\output\mc_sw\cdd\UdsTask\UdsTask\Evo\
D:\New_task\cloned_repo\GIT_CLONE\new_sdd_tool_chain\sw.sys.chorus_main_doxygen_reports\mc_sw\cdd\UDS_Services_Chorus\DiagnosticTimers\c\doc\Doxygen\xml,D:\New_task\cloned_repo\GIT_CLONE\new_sdd_tool_chain\sw.sys.chorus_main_doxygen_reports\output\mc_sw\cdd\UDS_Services_Chorus\DiagnosticTimers\c\
D:\New_task\cloned_repo\GIT_CLONE\new_sdd_tool_chain\sw.sys.chorus_main_doxygen_reports\mc_sw\cdd\UDS_Services_Chorus\DiagnosticTimers\Evo\doc\Doxygen\xml,D:\New_task\cloned_repo\GIT_CLONE\new_sdd_tool_chain\sw.sys.chorus_main_doxygen_reports\output\mc_sw\cdd\UDS_Services_Chorus\DiagnosticTimers\Evo\
D:\New_task\cloned_repo\GIT_CLONE\new_sdd_tool_chain\sw.sys.chorus_main_doxygen_reports\mc_sw\cdd\UDS_Services_Chorus\OBDLocking\c\doc\Doxygen\xml,D:\New_task\cloned_repo\GIT_CLONE\new_sdd_tool_chain\sw.sys.chorus_main_doxygen_reports\output\mc_sw\cdd\UDS_Services_Chorus\OBDLocking\c\
D:\New_task\cloned_repo\GIT_CLONE\new_sdd_tool_chain\sw.sys.chorus_main_doxygen_reports\mc_sw\cdd\UDS_Services_Chorus\OBDLocking\Evo\doc\Doxygen\xml,D:\New_task\cloned_repo\GIT_CLONE\new_sdd_tool_chain\sw.sys.chorus_main_doxygen_reports\output\mc_sw\cdd\UDS_Services_Chorus\OBDLocking\Evo\
D:\New_task\cloned_repo\GIT_CLONE\new_sdd_tool_chain\sw.sys.chorus_main_doxygen_reports\mc_sw\cdd\UDS_Services_Chorus\OperationCycleMenagement\c\doc\Doxygen\xml,D:\New_task\cloned_repo\GIT_CLONE\new_sdd_tool_chain\sw.sys.chorus_main_doxygen_reports\output\mc_sw\cdd\UDS_Services_Chorus\OperationCycleMenagement\c\
D:\New_task\cloned_repo\GIT_CLONE\new_sdd_tool_chain\sw.sys.chorus_main_doxygen_reports\mc_sw\cdd\UDS_Services_Chorus\OperationCycleMenagement\Evo\doc\Doxygen\xml,D:\New_task\cloned_repo\GIT_CLONE\new_sdd_tool_chain\sw.sys.chorus_main_doxygen_reports\output\mc_sw\cdd\UDS_Services_Chorus\OperationCycleMenagement\Evo\
D:\New_task\cloned_repo\GIT_CLONE\new_sdd_tool_chain\sw.sys.chorus_main_doxygen_reports\mc_sw\cdd\UDS_Services_Chorus\UDSServices\c\doc\Doxygen\xml,D:\New_task\cloned_repo\GIT_CLONE\new_sdd_tool_chain\sw.sys.chorus_main_doxygen_reports\output\mc_sw\cdd\UDS_Services_Chorus\UDSServices\c\
D:\New_task\cloned_repo\GIT_CLONE\new_sdd_tool_chain\sw.sys.chorus_main_doxygen_reports\mc_sw\cdd\UDS_Services_Chorus\UDSServices\Evo\doc\Doxygen\xml,D:\New_task\cloned_repo\GIT_CLONE\new_sdd_tool_chain\sw.sys.chorus_main_doxygen_reports\output\mc_sw\cdd\UDS_Services_Chorus\UDSServices\Evo\
D:\New_task\cloned_repo\GIT_CLONE\new_sdd_tool_chain\sw.sys.chorus_main_doxygen_reports\mc_sw\RteLight\Evo\doc\Doxygen\xml,D:\New_task\cloned_repo\GIT_CLONE\new_sdd_tool_chain\sw.sys.chorus_main_doxygen_reports\output\mc_sw\RteLight\Evo\
